country,year,solar_twh,wind_twh,coal_twh,gas_twh,total_twh,fossil_share,solar_wind_share
China,2000,0.02,0.59,1060.26,5.77,1355.6,82.13,0.04
China,2001,0.03,0.72,1129.14,4.93,1480.79,79.86,0.05
China,2002,0.05,0.84,1282.57,4.19,1654.01,80.86,0.05
China,2003,0.06,1.0,1519.97,5.16,1910.58,82.69,0.06
China,2004,0.08,1.28,1722.42,7.46,2203.31,81.49,0.06
China,2005,0.08,1.95,1980.15,12.14,2500.26,81.7,0.08
China,2006,0.09,3.71,2302.42,23.82,2865.72,82.5,0.13
China,2007,0.11,5.48,2656.7,33.91,3281.54,82.85,0.17
China,2008,0.15,13.1,2708.91,34.57,3495.76,79.02,0.38
China,2009,0.28,27.61,2911.52,56.56,3714.64,80.23,0.75
China,2010,0.7,49.4,3233.6,77.73,4207.16,79.53,1.19
China,2011,2.61,74.1,3690.87,108.77,4713.02,81.34,1.63
China,2012,3.59,103.05,3748.19,110.25,4987.54,77.99,2.14
China,2013,8.37,138.26,4077.37,116.39,5431.63,77.82,2.7
China,2014,23.51,159.76,4203.06,133.28,5794.45,75.45,3.16
China,2015,39.48,185.59,4046.17,166.91,5814.58,73.08,3.87
China,2016,66.53,240.86,4156.35,188.28,6133.16,71.69,5.01
China,2017,117.8,304.6,4430.03,203.2,6604.44,71.0,6.4
China,2018,176.9,365.8,4763.85,215.5,7166.14,70.27,7.57
China,2019,224.0,405.3,4855.12,232.5,7503.43,68.5,8.39
China,2020,261.1,466.5,4921.89,252.5,7779.07,67.2,9.35
China,2021,327.0,655.8,5333.8,287.1,8534.26,66.53,11.52
China,2022,427.27,762.67,5414.72,275.62,8848.71,65.1,13.45
China,2023,584.15,885.87,5752.74,297.8,9456.45,64.8,15.54
China,2024,839.04,997.04,5827.6,320.72,10086.88,61.84,18.2
European Union (27),2000,0.05,,800.33,328.19,2622.18,51.69,0.0
European Union (27),2001,0.17,,792.92,351.41,2698.92,50.9,0.01
European Union (27),2002,0.28,,814.34,374.6,2722.12,52.52,0.01
European Union (27),2003,0.4,,849.04,418.9,2799.93,53.41,0.01
European Union (27),2004,0.68,57.54,835.42,458.48,2867.55,52.27,2.03
European Union (27),2005,1.48,68.1,808.89,512.54,2884.39,52.87,2.41
European Union (27),2006,2.52,78.75,816.5,540.05,2932.31,52.88,2.77
European Union (27),2007,3.83,99.95,828.74,571.96,2947.71,53.58,3.52
European Union (27),2008,7.51,113.26,757.01,611.65,2959.78,51.84,4.08
European Union (27),2009,14.22,124.61,703.55,564.03,2808.34,50.29,4.94
European Union (27),2010,23.49,139.88,701.2,587.36,2945.54,48.83,5.55
European Union (27),2011,47.71,165.41,724.81,556.85,2908.68,48.99,7.33
European Union (27),2012,70.5,187.55,742.68,482.7,2903.46,46.93,8.89
European Union (27),2013,83.76,209.55,728.9,413.43,2883.69,44.06,10.17
European Union (27),2014,93.6,222.46,692.78,355.41,2823.91,41.58,11.19
European Union (27),2015,100.2,263.28,705.03,394.92,2870.37,42.77,12.66
European Union (27),2016,100.49,266.91,659.16,464.78,2891.4,43.3,12.71
European Union (27),2017,106.58,312.43,638.86,523.62,2922.98,44.11,14.34
European Union (27),2018,114.13,320.76,595.54,488.95,2908.62,41.44,14.95
European Union (27),2019,124.38,367.29,450.79,568.62,2874.5,39.32,17.11
European Union (27),2020,144.72,398.16,352.33,559.7,2753.09,36.68,19.72
European Union (27),2021,163.05,386.94,419.0,547.04,2874.99,37.09,19.13
European Union (27),2022,209.76,421.83,448.43,533.96,2777.49,39.18,22.74
European Union (27),2023,254.04,478.06,318.59,454.83,2710.2,31.9,27.01
European Union (27),2024,307.07,491.21,270.95,432.11,2773.21,28.57,28.79
India,2000,0.01,1.58,390.23,55.96,571.39,83.19,0.28
India,2001,0.01,2.09,408.29,55.93,586.09,83.78,0.36
India,2002,0.01,2.09,426.7,62.88,609.64,84.89,0.35
India,2003,0.02,2.6,441.47,72.8,638.13,85.46,0.41
India,2004,0.02,5.23,463.01,76.58,698.32,81.32,0.75
India,2005,0.02,5.99,478.48,75.47,704.52,82.23,0.85
India,2006,0.01,9.34,505.46,74.7,744.43,80.5,1.26
India,2007,0.06,11.68,533.27,90.05,796.26,79.96,1.48
India,2008,0.06,14.38,573.12,85.88,828.41,81.39,1.74
India,2009,0.08,16.27,611.11,104.37,878.63,82.92,1.86
India,2010,0.11,19.46,642.97,118.03,936.39,82.42,2.09
India,2011,0.83,23.95,701.25,117.56,1032.32,80.22,2.4
India,2012,2.1,27.43,787.13,96.25,1088.42,82.09,2.71
India,2013,3.43,30.01,847.97,66.31,1141.23,81.05,2.93
India,2014,4.91,33.45,949.93,64.01,1258.68,81.47,3.05
India,2015,7.09,32.74,1006.55,64.77,1310.56,82.45,3.04
India,2016,12.2,43.45,1073.6,72.62,1394.93,82.84,3.99
India,2017,22.36,52.63,1115.24,74.99,1462.39,81.99,5.13
India,2018,37.45,60.31,1198.86,71.26,1571.65,81.22,6.22
India,2019,37.45,63.31,1198.76,71.95,1600.98,79.56,6.29
India,2020,52.91,60.43,1143.78,74.79,1563.43,78.14,7.25
India,2021,65.59,68.09,1255.56,60.4,1678.72,78.59,7.96
India,2022,95.92,70.05,1344.42,46.17,1804.61,77.25,9.2
India,2023,115.42,82.11,1445.44,50.8,1918.26,78.2,10.3
India,2024,143.07,81.54,1517.9,56.44,2036.52,77.51,11.03
United States,2000,0.49,5.59,1966.27,614.99,3802.1,70.94,0.16
United States,2001,0.54,6.74,1903.96,639.13,3727.57,71.86,0.2
United States,2002,0.55,10.35,1933.13,691.01,3844.23,70.96,0.28
United States,2003,0.53,11.19,1973.74,649.91,3868.94,71.23,0.3
United States,2004,0.58,14.14,1978.3,710.1,3951.95,71.31,0.37
United States,2005,0.55,17.81,2012.87,760.96,4034.99,71.87,0.46
United States,2006,0.51,26.59,1990.51,816.44,4046.94,71.13,0.67
United States,2007,0.61,34.45,2016.46,896.59,4142.57,72.14,0.85
United States,2008,0.86,55.36,1985.8,882.98,4107.53,71.19,1.37
United States,2009,0.89,73.89,1755.9,920.98,3939.82,69.18,1.9
United States,2010,1.21,94.65,1847.29,987.7,4113.94,70.07,2.33
United States,2011,1.82,120.18,1733.43,1013.69,4088.87,68.21,2.98
United States,2012,4.33,140.82,1514.04,1225.89,4040.67,68.78,3.59
United States,2013,9.04,167.84,1581.11,1124.84,4055.61,67.71,4.36
United States,2014,28.92,181.65,1581.71,1126.61,4096.01,67.19,5.14
United States,2015,39.03,190.72,1352.4,1333.48,4083.99,66.85,5.63
United States,2016,54.87,226.99,1239.15,1378.31,4087.56,65.0,6.89
United States,2017,77.28,254.3,1205.84,1296.44,4052.31,62.68,8.18
United States,2018,93.36,272.67,1149.49,1469.13,4201.55,63.34,8.71
United States,2019,106.89,295.88,964.96,1585.81,4158.38,62.24,9.69
United States,2020,130.72,337.94,773.39,1624.17,4043.18,60.15,11.59
United States,2021,164.42,378.2,898.0,1579.19,4153.62,60.49,13.06
United States,2022,205.07,434.3,831.51,1687.06,4286.89,59.65,14.91
United States,2023,238.94,421.14,675.11,1806.06,4253.91,59.11,15.52
United States,2024,303.75,451.9,652.16,1869.9,4391.02,58.13,17.21
World,2000,1.02,31.15,5808.81,2745.57,15278.78,64.66,0.21
World,2001,1.36,38.19,5890.67,2914.78,15500.83,65.1,0.26
World,2002,1.72,52.22,6144.3,3104.81,16049.89,65.55,0.34
World,2003,2.11,63.2,6574.95,3255.5,16628.01,66.92,0.39
World,2004,2.78,85.48,6797.3,3503.08,17414.99,66.4,0.51
World,2005,3.95,104.4,7167.21,3680.54,18134.08,66.87,0.6
World,2006,5.42,133.2,7566.97,3900.59,18838.99,67.11,0.74
World,2007,7.29,171.15,8051.83,4219.27,19713.96,68.31,0.91
World,2008,11.85,220.85,8074.19,4360.99,20102.64,67.69,1.16
World,2009,19.82,276.26,7950.77,4382.35,19943.51,67.21,1.48
World,2010,32.21,345.99,8458.0,4807.86,21263.75,67.46,1.78
World,2011,63.56,439.98,8911.04,4865.93,21972.03,68.1,2.29
World,2012,96.92,529.26,8960.28,5161.35,22515.66,68.22,2.78
World,2013,131.75,634.14,9423.85,5058.36,23155.03,67.71,3.31
World,2014,197.74,706.1,9603.84,5214.12,23747.07,67.22,3.81
World,2015,256.01,829.63,9283.61,5539.88,24002.35,66.48,4.52
World,2016,327.47,960.3,9327.96,5849.92,24694.51,65.86,5.21
World,2017,444.65,1139.44,9655.05,5973.6,25441.04,65.34,6.23
World,2018,575.16,1268.14,10033.03,6224.56,26464.49,64.86,6.96
World,2019,697.94,1420.96,9826.39,6401.31,26832.42,63.66,7.9
World,2020,853.39,1591.47,9437.05,6382.94,26723.37,62.1,9.15
World,2021,1053.99,1856.94,10156.49,6556.63,28259.07,62.12,10.3
World,2022,1333.12,2107.66,10240.44,6628.27,28917.76,61.4,11.9
World,2023,1664.14,2319.18,10395.94,6699.42,29665.34,60.58,13.43
World,2024,2142.65,2509.5,10538.94,6882.73,30930.23,59.09,15.04
