country,iso_code,population,generation_twh,solar_share,wind_share,solar_wind_share,fossil_share,low_carbon_share,carbon_intensity_gco2_kwh,demand_per_capita_kwh
Afghanistan,AFG,42647502,0.99,11.11,0.0,11.11,13.13,86.87,131.31,159.92
Albania,ALB,2791756,8.34,4.08,0.0,4.08,0.0,100.0,25.18,3105.57
Algeria,DZA,46814302,96.36,1.03,0.02,1.05,98.93,1.07,632.94,2004.52
American Samoa,ASM,46792,0.18,5.56,0.0,5.56,94.44,5.56,611.11,3846.81
Angola,AGO,37885854,15.59,2.82,0.0,2.82,26.3,73.7,185.38,411.5
Antigua and Barbuda,ATG,93782,0.37,8.11,0.0,8.11,91.89,8.11,594.6,3945.32
Argentina,ARG,45696153,152.51,2.6,10.6,13.21,58.76,41.24,344.83,3538.15
Armenia,ARM,2973843,9.03,9.74,0.0,9.74,38.98,61.02,240.31,2569.07
Aruba,ABW,108076,1.0,3.0,14.0,17.0,83.0,17.0,550.0,9252.75
Australia,AUS,26713206,281.64,17.83,11.62,29.45,64.92,35.08,553.83,10543.1
Austria,AUT,9120815,78.47,10.37,11.65,22.02,13.78,86.22,103.48,7860.04
Azerbaijan,AZE,10336577,27.84,0.29,0.32,0.61,88.25,11.75,634.34,2574.35
Bahamas,BHS,401282,2.25,0.89,0.0,0.89,99.11,0.89,653.33,5607.03
Bahrain,BHR,1607059,37.95,0.26,0.0,0.26,99.74,0.26,902.24,23919.47
Bangladesh,BGD,173562366,101.74,1.2,0.0,1.2,98.11,1.89,695.7,643.8
Barbados,BRB,282476,1.11,9.01,0.0,9.01,90.99,9.01,594.6,3929.54
Belarus,BLR,9056696,45.82,0.57,0.44,1.0,62.68,37.32,329.55,4992.99
Belgium,BEL,11738761,76.01,11.26,18.5,29.76,23.66,76.34,126.96,7355.97
Belize,BLZ,417077,0.47,2.13,0.0,2.13,12.77,87.23,170.21,2037.99
Benin,BEN,14462721,1.01,3.96,0.0,3.96,96.04,3.96,584.16,159.72
Bermuda,BMU,64660,0.61,0.0,0.0,0,98.36,1.64,639.34,9433.96
Bhutan,BTN,791530,11.0,0.0,0.0,0,0.0,100.0,23.64,15741.67
Bolivia,BOL,12413318,13.53,2.96,3.55,6.5,66.0,34.0,495.2,1089.96
Bosnia and Herzegovina,BIH,3164256,15.49,2.52,2.39,4.91,59.65,40.35,601.03,4895.31
Botswana,BWA,2521145,3.43,0.29,0.0,0.29,99.71,0.29,851.31,1852.33
Brazil,BRA,211998565,745.72,9.56,14.55,24.11,10.55,89.45,106.06,3572.24
Brunei,BRN,462734,5.56,0.18,0.0,0.18,99.82,0.18,892.09,12015.54
Bulgaria,BGR,6757686,38.3,14.33,3.81,18.15,28.88,71.12,278.85,5521.12
Burkina Faso,BFA,23548782,1.69,6.51,0.0,6.51,82.84,17.16,562.13,135.46
Burundi,BDI,14047788,0.49,0.0,0.0,0,24.49,75.51,183.67,40.58
Cambodia,KHM,17638804,15.48,6.91,,6.91,64.34,35.66,538.76,1133.86
Cameroon,CMR,29123748,7.26,0.55,0.0,0.55,26.86,73.14,225.9,251.34
Canada,CAN,39742429,636.79,1.48,7.35,8.83,22.31,77.69,185.35,15710.16
Cape Verde,CPV,524878,0.52,15.38,15.38,30.77,69.23,30.77,461.54,990.71
Cayman Islands,CYM,74476,0.71,4.22,0.0,4.22,95.78,4.22,633.8,9533.27
Chad,TCD,20299131,0.37,0.0,2.7,2.7,94.59,5.41,621.62,18.23
Chile,CHL,19764774,88.62,22.78,11.77,34.55,29.96,70.04,259.87,4483.73
China,CHN,1419321284,10086.88,8.32,9.88,18.2,61.84,38.16,555.4,7094.86
Colombia,COL,52886360,89.14,3.85,0.17,4.02,38.66,61.34,298.3,1685.5
Congo,COG,6332969,5.46,0.18,0.0,0.18,79.12,20.88,716.12,849.52
Cook Islands,COK,13750,0.04,50.0,0.0,50.0,50.0,50.0,250.0,2909.09
Costa Rica,CRI,5129909,11.0,0.82,11.27,12.09,0.09,99.91,25.46,2187.17
Cote d'Ivoire,CIV,31934229,10.79,0.18,0.0,0.18,71.08,28.92,405.01,315.02
Croatia,HRV,3875325,15.29,5.36,17.53,22.89,26.55,73.45,170.7,5070.54
Cuba,CUB,10979781,19.43,1.24,0.36,1.6,95.99,4.01,642.82,1769.62
Cyprus,CYP,1358287,5.79,19.17,3.8,22.97,75.99,24.01,511.23,4262.72
Czechia,CZE,10735857,72.81,4.93,0.92,5.85,42.32,57.68,414.23,6161.6
Democratic Republic of Congo,COD,109276264,15.92,15.77,0.0,15.77,0.0,100.0,27.64,158.86
Denmark,DNK,5977417,35.06,10.78,58.21,69.0,10.81,89.19,131.77,6486.08
Djibouti,DJI,1168726,0.2,0.0,35.0,35.0,65.0,35.0,450.0,684.51
Dominican Republic,DOM,11427558,24.03,6.45,5.41,11.86,81.15,18.85,567.62,2102.81
East Timor,TLS,1400638,0.51,0.0,0.0,0,100.0,0.0,666.67,364.12
Ecuador,ECU,18135478,32.66,0.12,0.7,0.83,27.56,72.44,203.61,1839.49
Egypt,EGY,116538256,237.39,2.56,2.59,5.14,88.8,11.2,574.5,2025.0
El Salvador,SLV,6338197,6.53,19.14,2.14,21.29,9.19,90.81,113.32,978.2
Equatorial Guinea,GNQ,1892523,1.49,0.0,0.0,0,73.15,26.85,644.3,787.31
Eritrea,ERI,3535610,0.45,11.11,0.0,11.11,88.89,11.11,577.78,127.28
Estonia,EST,1360548,6.26,17.09,16.77,33.87,44.25,55.75,343.45,6747.28
Eswatini,SWZ,1242829,0.61,4.92,0.0,4.92,3.28,96.72,131.15,1327.62
Ethiopia,ETH,132059770,25.2,0.16,2.78,2.94,0.0,100.0,23.41,177.5
Fiji,FJI,928800,1.15,0.87,0.0,0.87,36.52,63.48,278.26,1238.16
Finland,FIN,5617311,82.55,1.14,24.81,25.95,4.65,95.35,66.63,15261.75
France,FRA,66548532,561.78,4.43,8.09,12.51,5.1,94.9,40.48,7089.56
French Polynesia,PYF,281816,0.72,8.33,0.0,8.33,65.28,34.72,430.56,2554.86
Gabon,GAB,2538953,2.6,0.0,0.0,0,64.61,35.38,523.08,1252.48
Gambia,GMB,2759999,0.51,0.0,0.0,0,100.0,0.0,666.67,184.78
Georgia,GEO,3807668,13.93,0.21,0.65,0.86,20.17,79.83,145.01,3705.68
Germany,DEU,84552234,495.99,14.95,28.55,43.49,41.36,58.64,336.38,6176.77
Ghana,GHA,34427417,24.27,0.7,0.0,0.7,63.78,36.22,468.89,634.09
Gibraltar,GIB,39351,0.22,0.0,0.0,0,100.0,0.0,590.91,5590.71
Greece,GRC,10047813,57.08,19.73,21.99,41.71,50.77,49.23,321.65,5649.99
Greenland,GRL,55864,0.6,0.0,0.0,0,16.67,83.33,150.0,10740.37
Grenada,GRD,117218,0.24,0.0,0.0,0,100.0,0.0,666.67,2047.47
Guam,GUM,167790,1.86,8.6,0.0,8.6,91.4,8.6,607.53,11085.28
Guatemala,GTM,18406366,15.79,1.77,2.34,4.12,31.67,68.33,301.46,888.28
Guinea,GIN,14754779,4.03,0.74,0.0,0.74,24.81,75.19,181.14,273.13
Guinea-Bissau,GNB,2201360,0.08,0.0,0.0,0,100.0,0.0,625.0,36.34
Guyana,GUY,831092,1.38,1.45,0.0,1.45,97.1,2.9,644.93,1660.47
Haiti,HTI,11772562,0.86,0.0,0.0,0,81.39,18.61,534.88,73.05
Honduras,HND,10825704,12.48,9.46,6.01,15.46,44.55,55.45,322.12,1166.67
Hong Kong,HKG,7414914,37.44,0.61,0.0,0.61,98.96,1.04,675.48,6582.68
Hungary,HUN,9676135,38.0,24.21,1.82,26.03,26.37,73.63,184.47,5036.1
Iceland,ISL,393404,19.05,0.05,0.05,0.1,0.0,100.0,27.82,48423.5
India,IND,1450935785,2036.52,7.03,4.0,11.03,77.51,22.49,705.4,1402.01
Indonesia,IDN,283487933,371.54,0.36,0.13,0.49,81.91,18.09,680.25,1313.99
Iran,IRN,91567737,395.79,0.23,0.32,0.54,92.82,7.18,648.68,4296.16
Iraq,IRQ,46042015,149.73,0.29,0.0,0.29,98.38,1.62,683.1,3406.24
Ireland,IRL,5255016,31.08,3.51,37.32,40.83,53.48,46.52,270.91,6877.24
Israel,ISR,9387015,80.4,13.09,0.57,13.66,86.19,13.81,540.55,7883.23
Italy,ITA,59342870,267.56,13.45,8.3,21.76,49.83,50.17,281.4,5368.13
Jamaica,JAM,2839182,4.92,3.05,5.89,8.94,87.4,12.6,563.01,1732.89
Japan,JPN,123753041,1016.39,9.51,1.14,10.65,68.71,31.29,483.43,8213.05
Jordan,JOR,11552885,23.67,16.6,7.39,24.0,75.92,24.08,529.79,2054.03
Kazakhstan,KAZ,20592574,118.51,1.58,4.14,5.72,84.79,15.21,802.04,5872.02
Kenya,KEN,56432946,13.26,4.98,16.36,21.34,8.52,91.48,85.22,261.37
Kiribati,KIR,134521,0.04,25.0,0.0,25.0,75.0,25.0,500.0,297.35
Kuwait,KWT,4934508,92.49,0.23,2.01,2.24,97.76,2.24,635.2,18743.51
Kyrgyzstan,KGZ,7186014,15.77,0.0,0.0,0,11.22,88.78,119.21,2678.82
Laos,LAO,7769823,52.31,0.17,0.0,0.17,23.28,76.72,232.08,2009.06
Latvia,LVA,1871874,6.33,8.53,4.42,12.95,26.54,73.46,134.28,3953.26
Lebanon,LBN,5805962,5.34,29.96,0.19,30.15,56.18,43.82,389.51,919.74
Lesotho,LSO,2337428,0.0,,,0,,,,248.14
Liberia,LBR,5612813,0.57,1.75,0.0,1.75,45.61,54.39,315.79,101.55
Libya,LBY,7381029,34.59,0.03,0.0,0.03,99.97,0.03,826.83,4686.34
Lithuania,LTU,2859112,7.39,18.95,46.14,65.09,15.7,84.3,116.37,4473.42
Luxembourg,LUX,673042,1.51,23.84,30.46,54.3,9.27,90.73,132.45,10043.95
Macao,MAC,720270,0.78,0.0,0.0,0,69.23,30.77,474.36,8718.95
Madagascar,MDG,31964960,2.43,4.12,0.0,4.12,57.61,42.39,432.1,76.02
Malawi,MWI,21655288,1.83,0.55,0.0,0.55,4.37,95.63,54.65,83.58
Malaysia,MYS,35557670,198.12,2.08,0.0,2.08,79.63,20.37,600.44,5541.42
Maldives,MDV,527801,0.85,7.06,0.0,7.06,92.94,7.06,611.77,1610.45
Mali,MLI,24478597,5.96,2.85,0.0,2.85,80.54,19.46,538.59,223.05
Malta,MLT,539612,2.19,15.07,0.0,15.07,84.47,15.53,488.58,5856.06
Mauritania,MRT,5169403,2.07,7.73,4.83,12.56,77.3,22.7,512.08,458.47
Mauritius,MUS,1271171,3.41,4.99,0.29,5.28,82.11,17.89,642.23,2682.57
Mexico,MEX,130861001,355.18,7.24,5.56,12.8,75.42,24.58,483.14,2711.81
Moldova,MDA,3034967,6.07,1.65,3.46,5.11,89.29,10.71,634.27,1996.73
Mongolia,MNG,3475541,8.82,2.38,5.78,8.16,91.16,8.84,810.66,3320.35
Montenegro,MNE,638481,3.53,1.7,7.65,9.35,40.51,59.49,422.1,5278.15
Montserrat,MSR,4414,0.01,0.0,0.0,0,100.0,0.0,1000.0,2265.52
Morocco,MAR,38081176,42.4,5.68,16.72,22.41,75.59,24.41,594.81,1180.11
Mozambique,MOZ,34631767,19.79,0.4,0.0,0.4,16.57,83.43,129.36,476.15
Myanmar,MMR,54500086,21.71,0.55,0.0,0.55,52.14,47.86,502.99,402.2
Namibia,NAM,3030127,1.64,35.37,1.22,36.59,2.44,97.56,48.78,1333.28
Nauru,NRU,11968,0.05,20.0,0.0,20.0,80.0,20.0,600.0,4177.81
Nepal,NPL,29651054,11.13,1.08,0.09,1.17,0.0,100.0,24.26,371.99
Netherlands,NLD,18228740,122.33,17.84,27.37,45.21,46.34,53.66,250.72,6479.33
New Caledonia,NCL,292655,3.12,8.33,1.28,9.62,73.08,26.92,560.9,10661.02
New Zealand,NZL,5213942,44.01,0.84,9.79,10.63,14.02,85.98,112.02,8440.83
Nicaragua,NIC,6916136,4.52,0.66,12.39,13.05,37.61,62.39,300.89,783.67
Niger,NER,27032417,0.95,3.16,0.0,3.16,96.84,3.16,673.68,79.53
Nigeria,NGA,232679482,37.56,0.35,0.0,0.35,75.0,25.0,495.74,151.54
North Korea,PRK,26498832,27.1,0.63,0.0,0.63,36.64,63.36,340.59,1022.69
North Macedonia,MKD,1823011,6.31,14.11,2.69,16.8,60.54,39.46,510.3,3850.77
Norway,NOR,5576656,157.11,0.34,9.29,9.63,1.39,98.61,29.66,24866.16
Oman,OMN,5281542,49.1,4.68,0.2,4.89,95.11,4.89,542.77,9296.53
Pakistan,PAK,251269160,174.96,11.33,2.95,14.28,49.73,50.27,373.69,698.22
Palestine,PSE,5495447,0.99,39.39,0.0,39.39,60.61,39.39,414.14,1453.93
Panama,PAN,4515576,13.43,7.37,7.15,14.52,32.02,67.98,221.15,2943.15
Papua New Guinea,PNG,10576509,4.73,0.21,0.0,0.21,76.32,23.68,513.74,447.22
Paraguay,PRY,6929152,42.41,0.0,0.0,0,0.0,100.0,24.76,3811.43
Peru,PER,34217850,59.29,1.6,3.52,5.13,39.89,60.11,258.73,1733.6
Philippines,PHL,115843663,124.17,1.68,1.21,2.88,79.53,20.47,621.73,1071.88
Poland,POL,38539209,172.12,10.26,15.04,25.3,68.85,31.15,608.18,4517.22
Portugal,PRT,10425291,47.27,15.0,30.34,45.34,14.81,85.19,110.64,5538.45
Puerto Rico,PRI,3242212,20.0,4.8,0.9,5.7,94.0,6.0,656.0,6168.63
Qatar,QAT,3048429,56.68,3.79,0.0,3.79,95.98,4.02,581.69,18593.18
Romania,ROU,19015096,52.72,6.49,12.2,18.68,32.8,67.2,251.33,2928.2
Russia,RUS,144820421,1209.31,0.24,0.38,0.62,64.06,35.94,445.98,8237.17
Rwanda,RWA,14256573,1.13,3.54,0.0,3.54,50.44,49.56,353.98,85.58
Saint Kitts and Nevis,KNA,46867,0.23,4.35,4.35,8.7,91.3,8.7,608.7,4907.5
Saint Lucia,LCA,179751,0.4,2.5,0.0,2.5,97.5,2.5,650.0,2225.3
Saint Vincent and the Grenadines,VCT,100630,0.15,0.0,0.0,0,86.67,13.33,600.0,1490.61
Samoa,WSM,218031,0.16,18.75,0.0,18.75,56.25,43.75,375.0,733.84
Saudi Arabia,SAU,33962751,454.64,1.81,0.35,2.16,97.84,2.16,691.95,13384.96
Senegal,SEN,18501988,7.63,8.91,5.37,14.29,80.21,19.79,539.97,439.41
Serbia,SRB,6736217,36.96,0.43,3.38,3.81,67.94,32.06,666.4,5563.95
Seychelles,SYC,130436,0.63,14.29,1.59,15.87,84.13,15.87,555.56,4829.95
Sierra Leone,SLE,8642029,0.21,9.52,0.0,9.52,4.76,95.24,47.62,24.3
Singapore,SGP,5832387,59.61,2.15,,2.15,95.07,4.93,498.74,10223.94
Slovakia,SVK,5506759,29.52,2.34,0.0,2.34,14.19,85.81,96.55,4824.98
Slovenia,SVN,2118692,16.71,7.6,0.06,7.66,23.94,76.06,230.4,6749.45
Solomon Islands,SLB,819206,0.11,9.09,0.0,9.09,90.91,9.09,636.36,134.28
Somalia,SOM,19009155,0.43,18.61,2.33,20.93,79.07,20.93,511.63,22.62
South Africa,ZAF,64007187,247.52,7.39,4.48,11.88,84.34,15.66,717.36,3846.76
South Korea,KOR,51717587,625.38,5.23,0.54,5.77,60.11,39.89,415.51,12092.21
South Sudan,SSD,11943410,0.56,1.79,0.0,1.79,98.21,1.79,642.86,46.89
Spain,ESP,47910533,280.94,20.75,22.14,42.89,23.25,76.75,146.22,5650.32
Sri Lanka,LKA,23103561,17.07,7.67,5.1,12.77,44.76,55.24,378.44,738.85
Sudan,SDN,50448960,14.77,1.08,0.0,1.08,20.31,79.69,153.69,308.63
Suriname,SUR,634438,1.74,0.57,0.0,0.57,47.13,52.87,321.84,2742.59
Sweden,SWE,10606993,172.15,2.42,23.5,25.91,1.21,98.79,34.91,13077.22
Switzerland,CHE,8921979,78.37,7.22,0.23,7.45,1.9,98.1,34.58,7169.93
Syria,SYR,24672758,24.88,0.4,0.0,0.4,96.46,3.54,706.19,984.08
Taiwan,TWN,23213964,288.56,5.16,3.58,8.74,84.86,15.14,635.19,12430.45
Tajikistan,TJK,10590930,22.2,0.0,0.0,0,5.41,94.59,71.17,1850.64
Tanzania,TZA,68560162,8.84,0.45,0.0,0.45,67.08,32.92,345.02,131.71
Thailand,THA,71668010,199.52,2.72,1.69,4.42,85.16,14.84,554.73,3236.17
Togo,TGO,8406554,0.71,18.31,0.0,18.31,70.42,29.58,422.54,262.89
Tonga,TON,104192,0.07,14.29,0.0,14.29,85.71,14.29,571.43,671.84
Trinidad and Tobago,TTO,1507778,9.55,0.1,0.0,0.1,99.89,0.1,681.68,6333.82
Tunisia,TUN,12277103,21.37,2.62,1.73,4.35,95.6,4.4,558.26,1951.6
Turkey,TUR,87473800,341.23,7.52,10.71,18.23,54.39,45.61,469.74,3889.62
Turkmenistan,TKM,7494494,33.01,0.0,0.0,0,99.97,0.03,1306.27,3203.68
Turks and Caicos Islands,TCA,46563,0.27,3.7,0.0,3.7,96.3,3.7,629.63,5798.6
Uganda,UGA,50015091,5.81,2.93,0.0,2.93,2.93,97.07,58.52,107.37
United Arab Emirates,ARE,11027135,177.26,8.58,0.11,8.69,68.27,31.73,467.51,16053.13
United Kingdom,GBR,69138185,284.16,5.21,29.31,34.51,35.07,64.93,216.5,4590.08
United States,USA,345426566,4391.02,6.92,10.29,17.21,58.13,41.87,383.78,12751.86
Uruguay,URY,3386583,13.37,4.19,38.59,42.78,1.12,98.88,69.56,4287.51
Uzbekistan,UZB,36361859,81.5,3.56,2.33,5.89,84.05,15.95,1040.12,2321.94
Venezuela,VEN,28405544,80.13,0.01,0.03,0.04,8.86,91.14,85.86,2820.93
Vietnam,VNM,100987685,303.58,8.52,4.2,12.72,57.72,42.28,484.32,3041.76
Yemen,YEM,40583173,5.25,11.24,0.0,11.24,88.76,11.24,592.38,129.36
Zambia,ZMB,21314962,19.72,0.86,0.0,0.86,12.53,87.47,119.68,778.8
Zimbabwe,ZWE,16634366,10.26,0.39,0.0,0.39,42.88,57.12,384.02,727.41
